Questions,Model A,Model B
What exactly makes object storage different from a standard hard drive or local server?,"Object storage is fundamentally different from a standard file system found on a local server or hard drive due to how it organizes and scales data.

* **Structure:** Traditional file systems use a **hierarchical, tree-like structure** with folders and subfolders to organize data (1:43-1:47). In contrast, object storage is **flat and unstructured**, meaning there are no true folders—only a unique identifier for each ""object"" (1:49-1:52, 2:16-2:18).
* **Scalability:** Because of this flat, unstructured nature, object storage is designed to **scale significantly better** than local file systems, which can struggle to manage massive amounts of unstructured data efficiently (1:40-1:43, 1:52-1:55).
* **Access Method:** While you interact with a local file system through direct path navigation, object storage is typically accessed via **RESTful APIs** (like GET or POST requests), making it well-suited for cloud-based architectures (2:39-2:48).
* **Management:** While services like *AWS S3* may present a ""folder-like"" experience to users, this is merely an **illusion** created by using delimiters (like forward slashes) in the object names to simplify management (2:01-2:15).","This excerpt is highly relevant to your question as it directly compares object storage to both databases and local file systems (which are what your ""standard hard drive"" or ""local server"" use to organize data).

The fundamental difference lies in **how the data is structured** and **how it scales**. Here is the breakdown based on the lecture:

### 1. Hierarchical vs. Flat Structure
The most significant technical difference is the ""shape"" of the storage:
*   **Local Server/Hard Drive (File System):** These use a **hierarchical structure**. Think of this like a tree: you have a root folder, which contains sub-folders, which contain files. To find a file, the system has to navigate through this path of branches.
*   **Object Storage:** This is a **flat structure**. There are no actual folders. Every piece of data (an ""object"") sits in a flat pool. 
    *   *Note:* The lecturer mentions that services like AWS S3 show ""folders"" (e.g., `folder/image.jpg`), but this is an **illusion** created by using delimiters (like forward slashes) in the object's name (01:21). Technically, the system just sees one long name, not a nested tree.

### 2. Scalability
Because of these different structures, they handle growth differently:
*   **Local Server:** File systems are great for local organization, but they do not scale as easily as object storage (00:55). As you add millions of files, navigating a complex tree structure becomes slower.
*   **Object Storage:** Because it is flat and unstructured, it is designed to be **highly scalable**. It can handle massive amounts of data (like millions of images or videos) and still retrieve them quickly because it finds objects based on a unique identifier or index rather than navigating a folder tree (02:12, 03:10).

### 3. How you interact with the data
*   **Local Server:** You typically interact with the file system directly through the operating system's file explorer or local paths.
*   **Object Storage:** You interact with it primarily via **RESTful APIs** (01:55). For example, you use a `POST` request to upload an object and a `GET` request to retrieve it (02:12).

### Summary Table
| Feature | Local Server / File System | Object Storage |
| :--- | :--- | :--- |
| **Structure** | Hierarchical (Tree-like folders) | Flat (Unstructured) |
| **Scaling** | Limited / Harder to scale | Highly Scalable |
| **Access Method** | File paths / OS File System | RESTful APIs (GET, POST, etc.) |
| **Best Use Case** | Local organization / Small scale | Massive amounts of unstructured data |"
"If I use a database to store a file reference, what happens if the file in the object storage is deleted?","If you delete an object from your storage but the reference (URI or metadata) remains in your database, you will end up with a **broken link** or **dangling reference**. 

When your application attempts to access the file using that stored URI (1:02-1:04), the storage service will return an error (typically a **404 Not Found** status), because the file no longer exists at that address. To maintain system integrity, developers typically implement one of the following patterns:

* **Soft Deletes:** Instead of permanently removing the record from the database, you mark the database entry as ""deleted"" (e.g., using an `is_deleted` flag). This ensures your application knows the file is gone before it even attempts an API call to the storage service.
* **Synchronized Deletion:** Your backend logic should be designed to execute a **two-step process**: first, delete the object from the storage service via a `DELETE` request, and only upon success, remove or update the corresponding record in your database (2:59-3:09).

If these are not synchronized, your database will point to a location that is essentially a ""dead end,"" which can lead to application crashes or user-facing errors when trying to load images or assets.","This excerpt does not directly answer your question about what happens when a file is deleted, but it provides the necessary context to understand the relationship between the two systems.

The lecturer explains that we use a **Database** to store a **URI/Reference** and metadata, while the actual binary content lives in **Object Storage** (00:29, 01:07).

To answer your specific doubt: **If the file in object storage is deleted, the database entry becomes a ""broken link"" or a ""dangling reference.""**

Here is the step-by-step breakdown of why this happens and how it is handled in real-world engineering:

### 1. The Lack of Automatic Synchronization
The database and the object storage are two independent systems. The database doesn't ""know"" what is happening inside the S3 bucket or Blob storage. If you delete an object from S3, the database record still exists, but the URI (the address) it points to will now return a `404 Not Found` error when your application tries to fetch it.

### 2. How to handle this (The ""Source of Truth"")
In professional software development, there are two common ways to manage this:

*   **The Database as the Source of Truth:** You treat the database as the master record. If you want to delete a file, your application code must perform two actions:
    1.  Delete the object from the storage (e.g., via a `DELETE` request to the API).
    2.  Delete the corresponding row/reference in the database.
    *If step 2 fails, you have a dangling reference. If step 1 fails, you have ""orphaned"" storage (data taking up space that no one can access).*

*   **Soft Deletes:** Instead of actually deleting the row from your database, you might just mark a column as `is_deleted = true`. This prevents the application from trying to show the file to users, even if the physical file is gone from the storage.

### 3. Example
Imagine a user profile picture:
*   **Database:** `User_ID: 101 | Profile_Pic_URL: ""https://s3.amazon.com/my-bucket/user101.jpg""`
*   **Object Storage:** Contains the file `user101.jpg`.

If you manually go into the AWS Console and delete `user101.jpg`, the database still says the URL is there. When the user logs in, your app will try to load that URL, the request will fail, and the user will see a broken image icon.

**Summary:** Because these systems are decoupled for performance reasons (as the lecturer noted at 00:29), you must ensure your application logic handles the deletion of both the **reference** (Database) and the **content** (Object Storage) simultaneously."
Why is it called a 'flat' structure if we can still see folders in services like AWS S3?,"The ""folder"" view you see in services like *AWS S3* is essentially a **user-friendly illusion** (2:12). 

* **Flat vs. Hierarchical:** While traditional file systems store data in a literal tree-like structure of nested folders, object storage stores every file (object) in a single, **flat address space** (1:45-1:51, 2:16).
* **How it works:** To make the storage easier for humans to manage, platforms use **delimiters** (like forward slashes `/`) within an object's name or key (2:01-2:11).
* **The result:** When you look at your dashboard, the system parses those slashes to group objects visually as if they were inside folders, but technically, no actual directories or parent-child folder relationships exist in the backend (2:11-2:16).","This excerpt directly addresses your doubt. The confusion stems from the difference between the **user interface (UI)** and the **underlying architecture**.

The short answer is: The ""folders"" you see in AWS S3 are a visual illusion created by the system to make it easier for humans to navigate, but the storage system itself does not actually organize data in a tree-like hierarchy.

Here is the step-by-step breakdown based on the lecture:

### 1. The Architecture: Flat vs. Hierarchical
The lecturer distinguishes between two types of storage:
*   **File Storage:** Uses a **hierarchical structure**. Think of this like a tree where a file ""lives"" inside a folder, which lives inside another folder. To find a file, the system has to navigate through each branch of the tree (01:45).
*   **Object Storage:** Uses a **flat structure**. In this model, every single object sits on the same ""level."" There are no branches; there is just a massive list of objects (01:55).

### 2. How the ""Illusion"" Works
If the structure is flat, why do you see folders? The lecturer explains that platforms like AWS S3 use **delimiters** (01:21).

When you name an object something like `my_dump/to_import/file.txt`, the system sees that entire string as one long name. However, the S3 console looks for the forward slash (`/`) and treats it as a ""delimiter."" It then hides everything after the slash to show you a ""folder"" view.

**Example:**
Imagine a physical warehouse:
*   **File System:** You have a box, inside that box is a smaller box, and inside that is your item. To get the item, you must open both boxes.
*   **Object Storage:** You have a giant room with 1,000,000 items. Each item has a long label on it. If the label says ""Box A / Box B / Item,"" you can find it instantly because you are just looking for that specific label. The ""folders"" are just the words on the label, not actual boxes you have to open.

### 3. Why does this matter?
The reason for this ""flat"" design is **scalability** (01:55). Because the system doesn't have to navigate a complex tree of folders to find your data, it can retrieve objects much faster and handle a much larger volume of data than a traditional file system could.

**Summary for your notes:**
*   **File System:** Hierarchical (Tree structure) $\rightarrow$ Harder to scale.
*   **Object Storage:** Flat (Key-Value structure) $\rightarrow$ Highly scalable.
*   **Folders in S3:** An ""illusion"" created by using forward slashes (`/`) as delimiters in the object's name (01:21, 02:12)."
Is there a size limit for the binary objects I can upload to blob storage?,"Yes, there are limits to how large a single object can be in cloud object storage, though these limits are quite high. Because object storage is designed for massive data, providers set these maximums to ensure system performance and reliability. 

Here are the typical maximum object size limits for major providers:

* **Amazon S3:** Supports objects up to **5 TB** in size.
* **Google Cloud Storage:** Also supports a maximum single-object size of **5 TB**.
* **Azure Blob Storage:** Offers a much higher capacity, with support for block blobs up to **500 TB**.

While these limits handle most use cases, it is important to remember that these services typically do not have a limit on the *number* of objects you can store in a bucket or container, allowing you to scale your total data capacity indefinitely. Additionally, some storage tiers may apply a **minimum billable object size** (often around 128 KB), meaning you might be charged as if a very small file occupies that amount of space.","The provided lecture excerpt does not mention specific size limits for binary objects in blob storage. It focuses on the architecture of object storage (flat vs. hierarchical), how folders are simulated using delimiters, and how to interact with the storage via REST APIs.

However, I can answer your question based on general cloud computing standards, as the lecturer mentions **AWS S3** and **Azure Blob Storage** as primary examples.

### Is there a size limit for objects in blob storage?

Yes, there are limits, but they are typically very large—designed to accommodate the ""massive amounts of unstructured data"" mentioned in your lecture (00:00).

**1. Individual Object Limits**
Most major providers have a very high limit for a single object:
*   **AWS S3:** The maximum size for a single object is **5 Terabytes**.
*   **Azure Blob Storage:** The maximum size for a single block blob is **50 Terabytes**.

**2. How to handle files larger than the ""Simple"" limit**
While the limits above are huge, you will often encounter a smaller limit when trying to upload a file in one single ""chunk"" via a standard API call. 
*   For example, if you try to upload a 10GB file using a simple `POST` request, the connection might time out or the server might reject it because the request body is too large.
*   **The Solution:** This is why the lecturer mentions **""multipart uploads""** (00:55) and **""SDKs""** (02:12). When you use an SDK (like the AWS SDK for Python or Java), the library automatically breaks your large file into smaller ""parts,"" uploads them individually, and then tells the storage service to stitch them back together into one large object.

**Summary Table for your notes:**

| Provider | Max Object Size | Method for Large Files |
| :--- | :--- | :--- |
| **AWS S3** | 5 TB | Multipart Uploads |
| **Azure Blob** | 50 TB | Block Blobs / Multipart |

**Key Takeaway:** For almost any standard use case (images, videos, virtual machine disks), you won't hit the hard limit, but you should use an **SDK** rather than a raw HTTP request to ensure large files are uploaded reliably."
How does 'global uniqueness' of a bucket name work if millions of people are creating them?,"The requirement for **globally unique bucket names** is primarily a design choice linked to how cloud providers route traffic to your data. 

**Why it works this way:**
* **DNS Routing:** When you create a bucket, the cloud provider often creates a unique **DNS (Domain Name System) entry** for it (e.g., `my-bucket-name.s3.amazonaws.com`). For this to function across the global internet and ensure your requests reach the correct physical data center, the identifier must be unique across the entire namespace. If multiple people had a bucket with the same name, the system would not know where to route your request.
* **Shared Namespace:** Providers like *Google Cloud Storage* and traditional *AWS S3* operate in a shared, global namespace. This means that if someone else, anywhere in the world, has already claimed a name, you cannot use it.

**Is it always this way?**
* **Shifting Trends:** While many legacy systems still rely on this global uniqueness, cloud providers are beginning to evolve. Recent updates (such as those in AWS) have introduced concepts like **account-regional namespaces**. These allow for bucket names to be scoped within a specific account and region rather than requiring global uniqueness across every single user on the platform.

Because of the shared nature of these namespaces, it is a common best practice for developers to use **randomized identifiers** (like UUIDs) or business-specific naming conventions (like your company's domain name) to prevent name collisions.","This excerpt is relevant because it introduces the concept of global uniqueness for bucket names in services like Amazon S3 (01:21, 02:12).

To understand how ""global uniqueness"" works when millions of people are using the same service, it helps to think of it like **Domain Names** (e.g., `google.com`, `wikipedia.org`) rather than **File Names** on your personal computer.

### The Core Concept: Namespace Ownership
When you create a bucket in a service like AWS S3, you aren't just creating a folder on a shared hard drive; you are essentially registering a unique ""address"" in a global namespace.

1.  **The Registry:** The cloud provider (like AWS) maintains a massive, centralized database of every bucket name ever registered across their entire platform.
2.  **The Check:** When you try to create a bucket named `my-cool-app-data`, the system checks that global registry. If someone in another country already registered that exact string, the system will reject your request.
3.  **The Result:** Because of this check, no two people in the world can own a bucket with the same name at the same time.

### Why does this matter for ""Global Uniqueness""?
The lecturer mentions that because bucket names are unique across all accounts, your objects are ""essentially unique globally"" (02:12). Here is why that is a technical advantage:

*   **No Collisions:** If you have a bucket named `my-unique-bucket-123` and you upload a file named `image.jpg`, the full path (the S3 URI) becomes `s3://my-unique-bucket-123/image.jpg`. 
*   **Predictable Access:** Because your bucket name is unique globally, you can be certain that no other user's data will ever ""clash"" with yours. Even if another user also names their file `image.jpg`, their URI will be `s3://someone-elses-bucket/image.jpg`.

### A Concrete Example
Think of it like **Phone Numbers**:
*   **Local File System:** Like a house. You can have a ""Bedroom"" in your house, and your neighbor can have a ""Bedroom"" in theirs. They don't conflict because they are in different ""namespaces"" (different houses).
*   **Object Storage:** Like a Phone Number. There are millions of people with phones, but no two people can have the exact same phone number at the same time. If you ""own"" that number, it points specifically to you, no matter who else is using the network.

**Summary for your notes:**
Global uniqueness is enforced by the cloud provider's registry. By ensuring the **Bucket Name** is unique globally, the provider ensures that every **Object URI** (the path to your data) is also unique, preventing data from overlapping or being overwritten by other users."
What are the specific performance tradeoffs when choosing between object storage and a traditional file system?,"When choosing between **object storage** and a **traditional file system**, the performance trade-offs primarily revolve around **latency**, **throughput**, and how the system scales.

### **Latency (Speed of Initial Access)**
*   **Traditional File Systems:** Designed for low latency. When you access a file, the system can often retrieve data in **sub-millisecond** timeframes because it operates closer to the hardware layer.
*   **Object Storage:** Typically incurs higher latency, often ranging from **20 to 100 milliseconds** for the first byte of data. This is due to the overhead of accessing data over a network via RESTful APIs and the distributed nature of the architecture.

### **Throughput (Data Transfer Volume)**
*   **Object Storage:** Highly optimized for **massive, parallel throughput**. While individual requests might be slower, object storage excels at handling huge data sets by distributing them across multiple storage nodes, making it ideal for data lakes, backups, and large media files.
*   **Traditional File Systems:** While capable of high throughput, they can become a bottleneck as the hierarchy grows or when thousands of users compete for the same file structure, as the metadata management (the ","This excerpt directly addresses your question by comparing the architectural differences between object storage and file systems and how those differences impact performance and scalability.

The core tradeoff is between **hierarchical organization (File Systems)** and **flat scalability (Object Storage)**.

### 1. Scalability and Structure
The lecturer explains that file systems use a **hierarchical structure**, which means they are organized like trees with nested folders (01:21). While this is great for local organization, it becomes a performance bottleneck as you add more data.

In contrast, object storage is **flat and unstructured** (01:21). Because there is no complex tree of folders to navigate, object storage is ""highly scalable"" and faster for retrieving files at a massive scale (01:21).

### 2. Retrieval Speed vs. Organization
*   **File Systems:** These are better for ""local storage and organization"" (00:55). They are designed for scenarios where you need to navigate through directories quickly on a single server or a small network.
*   **Object Storage:** These are designed for **speed** and **distributed architecture** (02:12). Because the system uses multiple storage nodes and can quickly find objects based on a unique identifier (index) rather than a file path, it can handle much larger volumes of data without the ""slowdown"" that occurs when a file system's directory tree becomes too deep or crowded.

### 3. The ""Folder"" Illusion
A key point to understand for your notes is that while many services (like AWS S3) let you use forward slashes to create ""folders,"" this is an **illusion** (01:21). 
*   In a **File System**, a folder is a real physical/logical container.
*   In **Object Storage**, the ""folder"" is just part of the object's name (the unique identifier). 

**Summary Table of Tradeoffs:**

| Feature | File System | Object Storage |
| :--- | :--- | :--- |
| **Structure** | Hierarchical (Tree-like) | Flat (Unstructured) |
| **Best Use Case** | Local storage, complex organization | Massive amounts of unstructured data |
| **Scalability** | Limited (harder to scale as it grows) | Highly Scalable |
| **Retrieval** | Navigates through paths | Fast retrieval via unique identifiers/APIs |
| **Mechanism** | Local/Networked File System | Distributed architecture with caching |"
How does a 'GET' request retrieve a large file without overwhelming the network or the server?,"The video explains that object storage is designed for **speed and scalability** (3:19). To manage large files efficiently, the architecture uses a **distributed system** (3:26), which spreads data across **multiple storage nodes** (3:28) rather than relying on a single source. Additionally, the system employs **caching** (3:33) to keep frequently accessed objects in faster memory, ensuring quick retrieval without putting undue strain on the primary infrastructure (3:33-3:36).","The provided excerpt does not directly explain the mechanics of how a `GET` request handles large files without overwhelming the network; it primarily focuses on the architectural differences between object storage and file systems, and mentions that `GET` is used for retrieval (02:12, 02:53).

To answer your question, the reason a `GET` request doesn't ""choke"" the system when fetching a large file (like a 2GB video) comes down to three main techniques: **Streaming**, **Range Requests**, and **CDN Caching**.

### 1. Streaming (The ""Pipe"" Analogy)
The most important concept is that the server doesn't have to send the *entire* file into your computer's RAM before you can see it. Instead, it uses **Streaming**.

Think of it like watching a movie on Netflix. The server sends the file in small ""chunks"" (packets). As soon as your device receives the first few chunks, it starts playing them while the rest are still traveling over the wire.
*   **Why it helps:** This keeps the memory usage low on both the server and your device because only a tiny piece of the file is ""active"" at any given moment.

### 2. HTTP Range Requests (The ""Bookmark"" Method)
The HTTP protocol allows for something called **Range Requests**. This allows a client to ask for specific byte ranges of a file.
*   **Example:** If you are downloading a 1GB file, your browser can request: *""Give me bytes 0 to 100,000.""* Once that's done, it asks for the next chunk.
*   **Why it helps:** This allows for **Parallel Downloads**. A download manager can open 5-10 different connections at once, each grabbing a different ""range"" of the file simultaneously. It also allows you to ""seek"" to the middle of a video instantly without waiting for the first half to download.

### 3. Distributed Architecture & CDNs (The ""Warehouse"" Method)
The lecture mentions that object storage uses a **distributed architecture** (03:10). This means the file isn't sitting on one single ""hard drive"" that could get overwhelmed.

When you make a `GET` request:
1.  **Load Balancing:** The request is distributed across many different storage nodes so no single server bears the full weight of the traffic.
2.  **Edge Caching (CDNs):** Most large files are served via a Content Delivery Network (CDN). The file is copied to a server physically closer to you (an ""edge"" location). When you hit `GET`, you aren't reaching all the way back to the main ""bucket"" in a distant data center; you are grabbing it from a local cache.

**Summary for your notes:**
A `GET` request handles large files by **streaming** data in small chunks (saving memory), using **Range Requests** to fetch specific parts of the file (allowing for parallel speeds), and utilizing **distributed nodes/CDNs** to spread the traffic load across many servers."
"Since editing requires deleting and re-uploading, how do versioning systems handle this?","When **versioning** is enabled at the bucket level, object storage systems change how they handle updates and deletions to preserve historical data. Instead of overwriting or permanently removing files, the system maintains a complete history of every change.

### **How Versioning Tracks Modifications**
*   **Unique Version IDs:** Every time you upload, overwrite, or delete an object, the system automatically assigns a unique **Version ID** to that specific iteration of the file. Even if you upload a new file with the same name, the old version remains in the bucket, now associated with its own unique identifier.
*   **Non-current Versions:** When you ""update"" a file, the system keeps the original version as a ""non-current"" object. This allows you to list, access, and restore previous states whenever needed.
*   **Delete Markers:** When you issue a `DELETE` request, the system does not actually remove the object. Instead, it places a **delete marker** on the object. To the user, it appears as if the file is gone, but the object itself is simply hidden. You can recover the file by deleting the delete marker, effectively ""un-deleting"" the object.

### **Key Considerations**
*   **Storage Costs:** Because every version is stored as a distinct object, enabling versioning increases your total storage footprint. You are billed for every version of the file, not just the latest one.
*   **Lifecycle Policies:** To manage costs, most providers allow you to set **lifecycle rules**. These policies can automatically transition older versions to cheaper storage tiers (like Glacier) or delete them permanently after a specific number of days.
*   **Data Protection:** Versioning is a critical layer of defense against accidental deletions or malicious overwrites, as it provides a ""time machine"" for your data.","This excerpt explains the basic mechanics of object storage, specifically noting that ""editing is typically done by replacing the entire object with a new version"" by performing a `DELETE` request followed by a `POST` request (02:12).

However, the excerpt does not explicitly explain how **versioning systems** handle this. To answer your question, I will build on the lecturer's explanation of ""replacing"" an object and explain how versioning changes that workflow.

### The Short Answer
In a standard object storage setup (without versioning), a `DELETE` or `POST` operation overwrites the existing data. In a **versioning system**, the ""Delete"" and ""Update"" actions are modified so that the old data is preserved as a previous version rather than being destroyed.

### How it works step-by-step:

**1. Without Versioning (The Lecturer's Example):**
As the lecturer noted (02:12), if you want to change `puppy.jpg`, you delete the old one and upload the new one. 
*   **Result:** The old file is gone forever. The ""Unique Identifier"" (the key/path) now points only to the new data.

**2. With Versioning Enabled:**
When you enable versioning on a bucket (like in AWS S3), the storage system assigns a unique **Version ID** to every single upload.

*   **Updating an Object:** When you perform a `POST` request to upload a new version of `puppy.jpg`, the system does **not** delete the old one. Instead, it keeps the old file but marks it as an older version. The ""current"" version of `puppy.jpg` now points to the new file.
*   **Deleting an Object:** If you send a `DELETE` request, the system doesn't actually erase the data. It places a **""Delete Marker""** on the object. The object still exists in the background, but it won't show up in your standard list of files. You can still retrieve the old data by specifying the specific Version ID.

### A Concrete Example:
Imagine you have a file named `profile.png`.

| Action | Version ID | Status | Content |
| :--- | :--- | :--- | :--- |
| **Initial Upload** | `v1` | Current | Original Image |
| **Update (POST)** | `v2` | Current | New Image |
| | `v1` | Archived | Original Image (Still exists!) |

**Why does this matter for your doubt?**
The lecturer's point about ""deleting and re-uploading"" is the manual way to manage data. Versioning systems automate this by ensuring that even if you ""replace"" a file, the system keeps a history. This allows you to ""roll back"" to a previous version if a new upload is corrupted or incorrect."
What is the difference between 'signed URLs' and public access settings for security?,"The fundamental difference between **public access** and **signed URLs** lies in how they manage authorization and visibility for your data:

* **Public Access:** When you set an object or bucket to ""public,"" you are removing all access barriers. Anyone with the URL can access the file without authentication. This is suitable for static assets like website images or public documentation, but it is **insecure for private or sensitive data** (3:40-3:45).
* **Signed URLs:** This security mechanism grants **temporary, granular access** to a private object. When you generate a signed URL, you are creating a link that includes an authentication token, allowing a specific user to access that object for a limited duration (e.g., a few minutes or hours). Once the link expires, it no longer grants access, even if shared.

**Key Takeaways:**
1. **Control:** Public access is an ""all or nothing"" setting, whereas signed URLs allow for precise control over who can access what and for how long.
2. **Security:** Signed URLs are the preferred method for sharing private files securely, as they do not expose your entire storage bucket to the public internet.
3. **Use Case:** Use public access only for items meant for the general public; use signed URLs for user-specific content, such as private video streams, temporary downloads, or protected documents.","The provided excerpt mentions **Signed URLs** as a security feature used to control access to objects (03:10), but it does not explicitly define or compare them to ""public access settings."" I will use the lecturer's framing of Signed URLs to explain the difference.

### The Difference Between Signed URLs and Public Access

The core difference lies in **who** can see the data and **how long** they can see it.

#### 1. Public Access (The ""Open Door"" Approach)
When you set an object to ""Public,"" you are essentially making it available to anyone on the internet who has the link. 
*   **How it works:** The URL is static. If you share the link `https://your-bucket.s3.amazonaws.com/photo.jpg`, that link remains valid forever (or until you delete the file).
*   **Use Case:** This is used for assets that don't contain private information, such as a company's public logo, a CSS file for a website, or a public blog image.

#### 2. Signed URLs (The ""Temporary Key"" Approach)
As mentioned in the lecture, Signed URLs are used to ""control access to your objects"" (03:10). Instead of making the file public, the file remains private.
*   **How it works:** You generate a special URL that includes a cryptographic signature (the long string of characters you see in the example at 03:45, like `?AWSAccessKeyId=...`). This signature contains a ""timestamp"" and a ""permission.""
*   **The ""Expiration"":** The most important feature of a Signed URL is that it **expires**. You can set it to work for only 5 minutes, 1 hour, or a day. Once that time passes, the link stops working, even if someone still has the URL.
*   **Use Case:** This is used for private content. For example, if you are building a streaming service like Netflix, you don't want a user to be able to share a direct link to a movie with their friends forever. You provide them with a Signed URL that only works for their current viewing session.

### Summary Comparison Table

| Feature | Public Access | Signed URLs |
| :--- | :--- | :--- |
| **Visibility** | Anyone with the link can see it. | Only people with the specific ""signed"" link can see it. |
| **Duration** | Permanent (until deleted). | Temporary (expires after a set time). |
| **Security Level** | Low (Good for public assets). | High (Good for private/user-specific data). |
| **Example** | A public profile picture. | A private medical record or a paid movie stream. |"
How does distributed architecture ensure my data isn't lost if one server node fails?," Distributed architecture ensures data durability primarily through **redundancy** and **replication**. Instead of storing your object on a single physical machine, the storage system automatically duplicates your data across multiple, geographically dispersed server nodes (3:26-3:30).

If one specific node fails, the system detects the loss of availability and immediately directs requests to one of the other nodes holding a copy of your data. Because these systems are designed to monitor their own health, they can often automatically recreate the lost copy on a healthy server to restore the target redundancy levels without any manual intervention.

This approach provides high **fault tolerance**, meaning your files remain accessible even during hardware failures, power outages, or data center maintenance.","The provided excerpt does not directly explain the mechanism of data redundancy or how distributed architecture prevents data loss during a node failure. It mentions that object storage uses a ""distributed architecture, meaning they use multiple storage nodes for your API"" (03:10), but it does not go into the specifics of replication or erasure coding.

To answer your question:

Distributed architecture ensures your data isn't lost through a process called **Redundancy**. Instead of storing your file on just one physical server, the system automatically creates copies of your data across multiple different nodes (and often across different physical locations/data centers).

Here is how that works step-by-step:

### 1. Replication
When you upload an object (like an image) to a service like AWS S3, the system doesn't just save it once. It ""replicates"" it. For example, a service might have a policy where every piece of data must exist on at least three different nodes. 

*   **Example:** If you upload `photo.jpg`, the system stores it on **Node A**, **Node B**, and **Node C**.

### 2. Health Monitoring and Failover
The system constantly monitors the ""health"" of these nodes. If **Node A** crashes or loses power, the system detects this immediately. Because the data is replicated, the system simply redirects your request to **Node B** or **Node C**. To you, the user, the service appears to be working perfectly with no downtime.

### 3. Self-Healing
This is the most important part of a distributed system. When the system notices that **Node A** is down, it realizes that the ""replication count"" for all files on that node has dropped from 3 to 2. The system will automatically start copying those files onto a new, healthy node (e.g., **Node D**) to bring the count back up to 3.

### Summary Comparison
*   **Single Server:** If the hard drive fails, the data is gone.
*   **Distributed Architecture:** If one hard drive fails, the system has ""spare"" copies ready to go and automatically repairs the gap.

In the context of your lecture, this is why the lecturer mentions that object storage is ""highly scalable"" (01:21). Because the data is spread out and redundant, you can keep adding more nodes to store more data without worrying about a single point of failure."