Questions,Model D
Why exactly does a capacitor behave like an open circuit in a steady-state condition?,"In a steady-state condition, the capacitor acts as an open circuit because it has reached its full charged state. At this point, there is no current flowing through the capacitor, and thus, it behaves like an open circuit."
"How much time is required for an RC circuit to technically reach this ""steady state"" where the current is zero?","The time required for an RC circuit to reach the steady state where the current is zero is determined by the time constant of the circuit, which is given by the product of the resistance (R) and the capacitance (C). The formula for the time constant is:

τ = R * C

where:
- τ (tau) is the time constant in seconds.
- R is the resistance in ohms.
- C is the capacitance in farads.

To find the time it takes for the current to reach zero, you can use the following equation:

t = 5.69 * τ

where:
- t is the time in seconds.
- τ is the time constant calculated using the formula above.

So, if you know the values of R and C, you can calculate the time constant and then use the equation to determine how long it will take for the current to reach zero in the steady state."
What is the mathematical justification for ignoring the branch containing the capacitor when calculating the current through the rest of the circuit?,"The mathematical justification for ignoring the branch containing the capacitor when calculating the current through the rest of the circuit is based on the concept of steady-state analysis in circuits with capacitors. In steady state (full charged state of the capacitor), the current through the capacitor becomes zero. This means that the capacitor acts as an open circuit in terms of current flow during steady state conditions. Therefore, when analyzing the circuit, we can ignore the branch containing the capacitor and focus on the rest of the circuit to calculate the current through the resistors."
"In the provided example, why were the 6-ohm and 4-ohm resistors treated as being in series if there is a capacitor branch in the middle of them?","In the provided example, the 6-ohm and 4-ohm resistors were treated as being in series because they are connected directly to each other without any other components between them. The presence of a capacitor branch in the middle does not affect their series connection since they are part of the same circuit path."
Could the nodal analysis method be applied if there were multiple batteries present in the circuit?,"Yes, the nodal analysis method could be applied to circuits with multiple batteries. The method involves analyzing the voltage at each node and using Kirchhoff's Voltage Law (KVL) to find the currents through the resistors. In the presence of multiple batteries, you would need to consider their individual voltages and how they interact with each other. This can be done by treating each battery as a voltage source and applying KVL around the loop that includes that battery. The nodal analysis method is particularly useful for complex circuits where it's difficult to use Ohm's law directly due to the presence of capacitors or when the circuit has more than one independent voltage source."
Why do we assume the potential is 0V at one point of the battery? Does this choice of reference point change the final calculated charge?,"The assumption of 0V at one point of the battery is arbitrary and does not affect the final calculated charge. The choice of reference point only affects the sign of the charge, not its magnitude."
How does the potential at the node (x) relate to the potential difference across the capacitor in that specific branch?,The potential at the node (x) is equal to the potential difference across the capacitor in that specific branch.
What would happen to the charge on the 6-microfarad capacitor if the resistance values in the loop were changed?,The charge on the 6-microfarad capacitor would remain constant because it is in parallel with the other capacitors and the voltage across all capacitors remains the same. The change in resistance values would affect the current through the circuit but not the charge on the capacitors.
"Is it possible to solve this circuit using Kirchhoff's Loop Law instead of nodal analysis, and would it be more efficient?","Yes, it is possible to solve this circuit using Kirchhoff's Loop Law instead of nodal analysis. However, in this case, the circuit is relatively simple, so the difference in efficiency might not be significant. The main advantage of using Kirchhoff's Loop Law is that it can be applied directly to the circuit without needing to convert it into a node-based system. This can be particularly useful when dealing with larger or more complex circuits where the number of nodes increases significantly."
What are the physical implications of the current becoming zero? Does energy stop being stored in the capacitor at this point?,The video does not provide specific information about the physical implications of the current becoming zero or whether energy stops being stored in the capacitor. The focus is on explaining the steady-state analysis of circuits with R and C components.
